{"cameraMode":{"drawMode":0,"name":"Shaded","section":"Shading Mode"},"sceneLighting":true,"audioPlay":false,"sceneViewState":{"m_AlwaysRefresh":false,"showFog":true,"showSkybox":true,"showFlares":true,"showImageEffects":true,"showParticleSystems":true,"showVisualEffectGraphs":true,"m_FxEnabled":true},"in2DMode":false,"pivot":{"x":9.780000686645508,"y":0.6177618503570557,"z":27.552000045776368},"rotation":{"x":-0.007912146858870983,"y":-0.6573240160942078,"z":0.006902413442730904,"w":-0.7535421252250671},"size":3.3832147121429445,"orthographic":true}