{"cameraMode":{"drawMode":0,"name":"Shaded","section":"Shading Mode"},"sceneLighting":true,"audioPlay":false,"sceneViewState":{"m_AlwaysRefresh":false,"showFog":true,"showSkybox":true,"showFlares":true,"showImageEffects":true,"showParticleSystems":true,"showVisualEffectGraphs":true,"m_FxEnabled":true},"in2DMode":false,"pivot":{"x":9.780000686645508,"y":0.6177618503570557,"z":27.552000045776368},"rotation":{"x":-0.06189874932169914,"y":-0.6055744886398315,"z":0.04733165726065636,"w":-0.7919729351997376},"size":4.2825517654418949,"orthographic":true}